{
  "description": {
    "title": "",
    "text": ""
  },
  "links_1": {
    "list_pages": false,
    "title": "",
    "list": []
  },
  "links_2": {
    "list_categories": false,
    "title": "",
    "list": []
  },
  "contacts": {
    "title": "",
    "phone_wpp": false,
    "socials": false,
    "email": false,
    "address": true
  },
  "stamps": [],
  "payment_methods": {
    "pix": false,
    "visa": false,
    "mastercard": false,
    "elo": false,
    "amex": false,
    "hipercard": false,
    "boleto": false
  },
  "credits": ""
}